--**--
--drop all previous instances of the db tables and views
DROP SCHEMA periodic CASCADE ;
/*
DROP TABLE periodic.physical_properties CASCADE ;
DROP TABLE periodic.natural_occurrence CASCADE ;
DROP TABLE periodic.main CASCADE ;
DROP TABLE periodic.element_group CASCADE ;
DROP TABLE periodic.period CASCADE ;
DROP TABLE periodic.electron_configuration CASCADE ;
DROP TABLE periodic.elec_config_mapping CASCADE ;
DROP TABLE periodic.atomic_properties CASCADE ;
DROP TABLE periodic.categories CASCADE ;
DROP TABLE periodic.element_category CASCADE ;
DROP TABLE periodic.block CASCADE ;
DROP SEQUENCE periodic.electron_configuration_id_seq CASCADE ;
uncomment this section only if schema object is not implemented in the build   */

--create a schema so that we can apply data_contol_language statements globally
CREATE SCHEMA periodic ;

--**--
--create table: physical_properties
CREATE TABLE periodic.physical_properties (
    atomic_number_PK INTEGER PRIMARY KEY,
    melting_point NUMERIC ,
    boiling_point NUMERIC ,
    density NUMERIC ,
    specific_volume NUMERIC ,
    brinell_hardness NUMERIC ,
    mohs_hardness NUMERIC ,
    bulk_modulus NUMERIC ,
    shear_modulus NUMERIC ,
    young_modulus NUMERIC ,
    poisson_ratio NUMERIC ,
    refractive_index NUMERIC ,
    speed_of_sound NUMERIC ,
    thermal_conductivity NUMERIC ,
    thermal_expansion NUMERIC ) ;
--insert data physical_properties
INSERT INTO periodic.physical_properties VALUES
  (	1	,	14.01	,	20.28	,	0.0708	,	14.1	,	NULL	,	NULL	,	NULL	,	NULL	,	NULL	,	NULL	,	1.000132	,	1270	,	0.1815	,	NULL	)	,
  (	2	,	0.95	,	4.216	,	0.147	,	31.8	,	NULL	,	NULL	,	NULL	,	NULL	,	NULL	,	NULL	,	1.000035	,	970	,	0.152	,	NULL	)	,
  (	3	,	553.69	,	1118.15	,	0.534	,	13.1	,	NULL	,	0.6	,	11	,	4.2	,	4.9	,	NULL	,	NULL	,	6000	,	84.8	,	0.000046	)	,
  (	4	,	1551	,	3243	,	1.848	,	5	,	600	,	5.5	,	130	,	132	,	287	,	0.032	,	NULL	,	13000	,	201	,	0.0000113	)	,
  (	5	,	2573	,	3931	,	2.34	,	4.6	,	NULL	,	9.3	,	320	,	NULL	,	NULL	,	NULL	,	NULL	,	16200	,	27.4	,	0.000006	)	,
  (	6	,	3820	,	5100	,	2.25	,	5.3	,	NULL	,	0.5	,	33	,	NULL	,	NULL	,	NULL	,	2.417	,	18350	,	1.59	,	0.0000071	)	,
  (	7	,	63.29	,	77.4	,	0.808	,	17.3	,	NULL	,	NULL	,	NULL	,	NULL	,	NULL	,	NULL	,	1.000298	,	333.6	,	0.026	,	NULL	)	,
  (	8	,	54.8	,	90.19	,	1.149	,	14	,	NULL	,	NULL	,	NULL	,	NULL	,	NULL	,	NULL	,	1.000271	,	317.5	,	0.027	,	NULL	)	,
  (	9	,	53.53	,	85.01	,	1.108	,	17.1	,	NULL	,	NULL	,	NULL	,	NULL	,	NULL	,	NULL	,	1.000195	,	NULL	,	0.028	,	NULL	)	,
  (	10	,	48	,	27.1	,	1.204	,	16.8	,	NULL	,	NULL	,	NULL	,	NULL	,	NULL	,	NULL	,	1.000067	,	936	,	0.0493	,	NULL	)	,
  (	11	,	370.96	,	1156.1	,	0.971	,	23.7	,	0.69	,	0.5	,	6.3	,	3.3	,	10	,	NULL	,	NULL	,	3200	,	142	,	0.000071	)	,
  (	12	,	922	,	1363	,	1.738	,	14	,	260	,	2.5	,	45	,	17	,	45	,	0.29	,	NULL	,	4602	,	156	,	0.0000082	)	,
  (	13	,	933.5	,	2740	,	2.6989	,	10	,	245	,	2.75	,	76	,	26	,	70	,	0.35	,	NULL	,	5100	,	237	,	0.0000231	)	,
  (	14	,	1683	,	2628	,	2.33	,	12.1	,	NULL	,	6.5	,	100	,	NULL	,	47	,	NULL	,	NULL	,	2200	,	149	,	0.0000026	)	,
  (	15	,	317.3	,	553	,	1.82	,	17	,	NULL	,	NULL	,	11	,	NULL	,	NULL	,	NULL	,	1.001212	,	NULL	,	0.236	,	NULL	)	,
  (	16	,	386	,	717.824	,	2.07	,	15.5	,	NULL	,	2	,	7.7	,	NULL	,	NULL	,	NULL	,	1.001111	,	NULL	,	0.27	,	NULL	)	,
  (	17	,	172.2	,	238.6	,	1.56	,	18.7	,	NULL	,	NULL	,	1.1	,	NULL	,	NULL	,	NULL	,	1.000773	,	206	,	0.009	,	NULL	)	,
  (	18	,	83.8	,	87.3	,	1.4	,	24.2	,	NULL	,	NULL	,	NULL	,	NULL	,	NULL	,	NULL	,	1.000281	,	319	,	0.0177	,	NULL	)	,
  (	19	,	336.8	,	1047	,	0.856	,	45.3	,	0.363	,	0.4	,	3.1	,	1.3	,	NULL	,	NULL	,	NULL	,	2000	,	79	,	NULL	)	,
  (	20	,	1112	,	1757	,	1.55	,	29.9	,	167	,	1.75	,	17	,	7.4	,	20	,	0.31	,	NULL	,	3810	,	201	,	0.0000223	)	,
  (	21	,	1814	,	3104	,	2.99	,	15	,	750	,	NULL	,	57	,	29	,	74	,	0.28	,	NULL	,	NULL	,	15.8	,	0.0000102	)	,
  (	22	,	1933	,	3560	,	4.54	,	10.6	,	716	,	6	,	110	,	44	,	116	,	0.32	,	NULL	,	4140	,	21.9	,	0.0000086	)	,
  (	23	,	2160	,	3650	,	6.11	,	8.35	,	628	,	7	,	160	,	47	,	128	,	0.37	,	NULL	,	4560	,	30.7	,	0.0000084	)	,
  (	24	,	2130	,	2945	,	7.18	,	7.23	,	1120	,	8.5	,	160	,	115	,	279	,	0.21	,	NULL	,	5940	,	93.9	,	0.0000049	)	,
  (	25	,	1517	,	2235	,	7.21	,	7.39	,	196	,	6	,	120	,	NULL	,	198	,	NULL	,	NULL	,	5150	,	7.8	,	0.0000217	)	,
  (	26	,	1808	,	3023	,	7.874	,	7.1	,	490	,	4	,	170	,	82	,	211	,	0.29	,	NULL	,	4910	,	80.4	,	0.0000118	)	,
  (	27	,	1768	,	3143	,	8.9	,	6.7	,	700	,	5	,	180	,	75	,	209	,	0.31	,	NULL	,	4720	,	100	,	0.000013	)	,
  (	28	,	1726	,	3005	,	8.902	,	6.6	,	700	,	4	,	180	,	76	,	200	,	0.31	,	NULL	,	4970	,	90.9	,	0.0000134	)	,
  (	29	,	1356.6	,	2840	,	8.96	,	7.1	,	874	,	3	,	140	,	48	,	130	,	0.34	,	NULL	,	3570	,	401	,	0.0000165	)	,
  (	30	,	692.73	,	1180	,	7.133	,	9.2	,	412	,	2.5	,	70	,	43	,	108	,	0.25	,	1.00205	,	3700	,	116	,	0.0000302	)	,
  (	31	,	302.93	,	2676	,	5.91	,	11.8	,	60	,	1.5	,	NULL	,	NULL	,	NULL	,	NULL	,	NULL	,	2740	,	28.1	,	0.00012	)	,
  (	32	,	1210.6	,	3103	,	5.323	,	13.6	,	NULL	,	6	,	NULL	,	NULL	,	NULL	,	NULL	,	NULL	,	5400	,	60.2	,	0.000006	)	,
  (	33	,	1090	,	876	,	5.73	,	13.1	,	1440	,	3.5	,	22	,	NULL	,	8	,	NULL	,	1.001552	,	NULL	,	50.2	,	NULL	)	,
  (	34	,	490	,	958.1	,	4.79	,	16.5	,	736	,	2	,	8.3	,	3.7	,	10	,	0.33	,	1.000895	,	3350	,	0.52	,	NULL	)	,
  (	35	,	265.9	,	331.9	,	3.12	,	23.5	,	NULL	,	NULL	,	1.9	,	NULL	,	NULL	,	NULL	,	1.001132	,	NULL	,	0.005	,	NULL	)	,
  (	36	,	116.6	,	120.85	,	2.155	,	32.2	,	NULL	,	NULL	,	NULL	,	NULL	,	NULL	,	NULL	,	1.000427	,	1120	,	0.0095	,	NULL	)	,
  (	37	,	312.2	,	961	,	1.532	,	55.9	,	0.216	,	0.3	,	2.5	,	NULL	,	2.4	,	NULL	,	NULL	,	1300	,	58.2	,	NULL	)	,
  (	38	,	1042	,	1657	,	2.54	,	33.7	,	NULL	,	1.5	,	NULL	,	6.1	,	NULL	,	0.28	,	NULL	,	NULL	,	35.4	,	0.0000225	)	,
  (	39	,	1795	,	3611	,	4.47	,	19.8	,	589	,	NULL	,	41	,	26	,	64	,	0.24	,	NULL	,	3300	,	17.2	,	0.0000106	)	,
  (	40	,	2125	,	4650	,	6.506	,	14.1	,	650	,	5	,	NULL	,	33	,	68	,	0.34	,	NULL	,	3800	,	22.7	,	0.0000057	)	,
  (	41	,	2741	,	5015	,	8.57	,	10.8	,	736	,	6	,	170	,	38	,	105	,	0.4	,	NULL	,	3480	,	53.7	,	0.0000073	)	,
  (	42	,	2890	,	4885	,	10.22	,	9.4	,	1500	,	5.5	,	230	,	20	,	329	,	0.31	,	NULL	,	6190	,	138	,	0.0000048	)	,
  (	43	,	2445	,	5150	,	11.5	,	8.5	,	NULL	,	NULL	,	NULL	,	NULL	,	NULL	,	NULL	,	NULL	,	NULL	,	50.6	,	NULL	)	,
  (	44	,	2583	,	4173	,	12.41	,	8.3	,	2160	,	6.5	,	220	,	173	,	447	,	0.3	,	NULL	,	5970	,	117	,	0.0000064	)	,
  (	45	,	2239	,	4000	,	12.41	,	8.3	,	1100	,	6	,	380	,	150	,	275	,	0.26	,	NULL	,	4700	,	150	,	0.0000082	)	,
  (	46	,	1825	,	3413	,	12.02	,	8.9	,	37.3	,	4.75	,	180	,	44	,	121	,	0.39	,	NULL	,	3070	,	71.8	,	0.0000118	)	,
  (	47	,	1235.1	,	2485	,	10.5	,	10.3	,	24.5	,	2.5	,	100	,	30	,	83	,	0.37	,	NULL	,	2600	,	429	,	0.0000189	)	,
  (	48	,	594.1	,	1038	,	8.65	,	13.1	,	203	,	2	,	42	,	19	,	50	,	0.3	,	NULL	,	2310	,	96.9	,	0.0000308	)	,
  (	49	,	429.32	,	2353	,	7.31	,	15.7	,	8.83	,	1.2	,	NULL	,	NULL	,	11	,	NULL	,	NULL	,	1215	,	81.8	,	0.0000321	)	,
  (	50	,	505.1	,	2543	,	7.31	,	16.3	,	51	,	1.5	,	58	,	18	,	50	,	0.36	,	NULL	,	2500	,	66.8	,	0.000022	)	,
  (	51	,	903.9	,	1908	,	6.691	,	18.4	,	294	,	3	,	42	,	20	,	55	,	NULL	,	NULL	,	3420	,	24.43	,	0.000011	)	,
  (	52	,	722.7	,	1263	,	6.24	,	20.5	,	180	,	2.25	,	65	,	16	,	43	,	NULL	,	1.000991	,	2610	,	14.3	,	NULL	)	,
  (	53	,	386.7	,	457.5	,	4.93	,	25.7	,	NULL	,	NULL	,	7.7	,	NULL	,	NULL	,	NULL	,	NULL	,	NULL	,	0.45	,	NULL	)	,
  (	54	,	161.3	,	166.1	,	3.52	,	42.9	,	NULL	,	NULL	,	NULL	,	NULL	,	NULL	,	NULL	,	1.000702	,	1090	,	0.0057	,	NULL	)	,
  (	55	,	301.6	,	951.6	,	1.873	,	70	,	0.14	,	0.2	,	1.6	,	NULL	,	1.7	,	NULL	,	NULL	,	NULL	,	35.9	,	NULL	)	,
  (	56	,	1002	,	1910	,	3.5	,	39	,	NULL	,	1.25	,	9.6	,	4.9	,	13	,	NULL	,	NULL	,	1620	,	18.4	,	0.0000206	)	,
  (	57	,	1194	,	3730	,	6.15	,	22.5	,	363	,	2.5	,	28	,	14	,	37	,	0.28	,	NULL	,	2475	,	13.4	,	0.0000121	)	,
  (	58	,	1072	,	3699	,	6.757	,	21	,	412	,	2.5	,	22	,	14	,	34	,	0.24	,	NULL	,	2100	,	11.3	,	0.0000063	)	,
  (	59	,	1204	,	3785	,	6.773	,	20.8	,	481	,	NULL	,	29	,	15	,	37	,	0.28	,	NULL	,	2280	,	12.5	,	0.0000067	)	,
  (	60	,	1294	,	3341	,	7.007	,	20.6	,	265	,	NULL	,	32	,	16	,	41	,	0.28	,	NULL	,	2330	,	16.5	,	0.0000096	)	,
  (	61	,	1441	,	3000	,	7.2	,	 NULL	,	NULL	,	NULL	,	33	,	18	,	46	,	0.28	,	NULL	,	NULL	,	17.9	,	0.000011	)	,
  (	62	,	1350	,	2064	,	7.52	,	19.9	,	441	,	NULL	,	38	,	20	,	50	,	0.27	,	NULL	,	2130	,	13.3	,	0.0000127	)	,
  (	63	,	1095	,	1870	,	5.243	,	28.9	,	NULL	,	NULL	,	8.3	,	7.9	,	18	,	0.15	,	NULL	,	NULL	,	13.9	,	0.000035	)	,
  (	64	,	1586	,	3539	,	7.9	,	19.9	,	NULL	,	NULL	,	38	,	22	,	55	,	0.26	,	NULL	,	2680	,	10.5	,	0.0000094	)	,
  (	65	,	1629	,	3296	,	8.229	,	19.2	,	677	,	NULL	,	38.7	,	22	,	56	,	0.26	,	NULL	,	2620	,	11.1	,	0.0000103	)	,
  (	66	,	1685	,	2835	,	8.55	,	19	,	500	,	NULL	,	41	,	25	,	61	,	0.25	,	NULL	,	2710	,	10.7	,	0.0000099	)	,
  (	67	,	1747	,	2968	,	8.795	,	18.7	,	746	,	NULL	,	40	,	26	,	65	,	0.23	,	NULL	,	2760	,	16.2	,	0.0000112	)	,
  (	68	,	1802	,	3136	,	9.06	,	18.4	,	814	,	NULL	,	44	,	28	,	70	,	0.24	,	NULL	,	2830	,	14.5	,	0.0000122	)	,
  (	69	,	1818	,	2220	,	9.321	,	18.1	,	471	,	NULL	,	45	,	31	,	74	,	0.21	,	NULL	,	NULL	,	16.9	,	0.0000133	)	,
  (	70	,	1097	,	1466	,	6.9654	,	24.8	,	343	,	NULL	,	31	,	9.9	,	24	,	0.21	,	NULL	,	1590	,	34.9	,	0.0000263	)	,
  (	71	,	1936	,	3668	,	9.8404	,	17.8	,	893	,	NULL	,	48	,	27	,	69	,	0.26	,	NULL	,	NULL	,	16.4	,	0.0000099	)	,
  (	72	,	2503	,	5470	,	13.31	,	13.6	,	1700	,	5.5	,	110	,	30	,	78	,	0.37	,	NULL	,	3010	,	23	,	0.0000059	)	,
  (	73	,	3269	,	5698	,	16.654	,	10.9	,	800	,	6.5	,	200	,	69	,	186	,	0.34	,	NULL	,	3400	,	57.5	,	0.0000063	)	,
  (	74	,	3680	,	5930	,	19.3	,	9.53	,	2570	,	7.5	,	310	,	161	,	411	,	0.28	,	NULL	,	5174	,	173	,	0.0000045	)	,
  (	75	,	3453	,	5900	,	21.02	,	8.85	,	1320	,	7	,	370	,	178	,	463	,	0.3	,	NULL	,	4700	,	48	,	0.0000062	)	,
  (	76	,	3327	,	5300	,	22.57	,	8.43	,	3920	,	7	,	NULL	,	222	,	NULL	,	0.25	,	NULL	,	4940	,	87.6	,	0.0000051	)	,
  (	77	,	2683	,	4403	,	22.42	,	8.54	,	1670	,	6.5	,	320	,	210	,	528	,	0.26	,	NULL	,	4825	,	147	,	0.0000064	)	,
  (	78	,	2045	,	4100	,	21.45	,	9.1	,	392	,	3.5	,	230	,	61	,	168	,	0.38	,	NULL	,	2680	,	71.6	,	0.0000088	)	,
  (	79	,	1337.58	,	3080	,	19.3	,	10.2	,	2450	,	2.5	,	220	,	27	,	78	,	0.44	,	NULL	,	1740	,	318	,	0.0000142	)	,
  (	80	,	234.28	,	629.73	,	13.546	,	14.8	,	NULL	,	NULL	,	25	,	NULL	,	NULL	,	NULL	,	1.000933	,	1407	,	8.3	,	NULL	)	,
  (	81	,	576.6	,	1730	,	11.85	,	17.2	,	26.4	,	1.2	,	43	,	2.8	,	8	,	0.45	,	NULL	,	818	,	46.1	,	0.0000299	)	,
  (	82	,	600.65	,	2013	,	11.35	,	18.3	,	38.3	,	1.5	,	46	,	5.6	,	16	,	0.44	,	NULL	,	1260	,	35.3	,	0.0000289	)	,
  (	83	,	544.5	,	1883	,	9.747	,	21.3	,	94.2	,	2.25	,	31	,	12	,	32	,	0.33	,	NULL	,	1790	,	7.9	,	0.0000134	)	,
  (	84	,	527	,	1235	,	9.32	,	22.7	,	NULL	,	NULL	,	NULL	,	NULL	,	NULL	,	NULL	,	NULL	,	NULL	,	 NULL	,	NULL	)	,
  (	85	,	575	,	610	,	 NULL	,	 NULL	,	NULL	,	NULL	,	NULL	,	NULL	,	NULL	,	NULL	,	NULL	,	NULL	,	 NULL	,	NULL	)	,
  (	86	,	202	,	211.4	,	4.4	,	 NULL	,	NULL	,	NULL	,	NULL	,	NULL	,	NULL	,	NULL	,	NULL	,	NULL	,	0.0036	,	NULL	)	,
  (	87	,	300	,	950	,	 NULL	,	 NULL	,	NULL	,	NULL	,	NULL	,	NULL	,	NULL	,	NULL	,	NULL	,	NULL	,	 NULL	,	NULL	)	,
  (	88	,	973	,	1413	,	5.5	,	45	,	NULL	,	NULL	,	NULL	,	NULL	,	NULL	,	NULL	,	NULL	,	NULL	,	18.6	,	NULL	)	,
  (	89	,	1320	,	3470	,	 NULL	,	22.54	,	NULL	,	NULL	,	NULL	,	NULL	,	NULL	,	NULL	,	NULL	,	NULL	,	 NULL	,	NULL	)	,
  (	90	,	2028	,	5060	,	11.78	,	19.8	,	400	,	3	,	54	,	31	,	79	,	0.27	,	NULL	,	2490	,	54	,	0.000011	)	,
  (	91	,	2113	,	4300	,	15.37	,	15	,	NULL	,	NULL	,	NULL	,	NULL	,	NULL	,	NULL	,	NULL	,	NULL	,	 NULL	,	NULL	)	,
  (	92	,	1405.5	,	4018	,	19.05	,	12.5	,	2400	,	6	,	100	,	111	,	208	,	0.23	,	NULL	,	3155	,	27.5	,	0.0000139	)	,
  (	93	,	913	,	4175	,	20.25	,	21.1	,	NULL	,	NULL	,	NULL	,	NULL	,	NULL	,	NULL	,	NULL	,	NULL	,	6.3	,	NULL	)	,
  (	94	,	914	,	3505	,	19.84	,	 NULL	,	NULL	,	NULL	,	NULL	,	43	,	96	,	0.21	,	NULL	,	2260	,	6.7	,	NULL	)	,
  (	95	,	1267	,	2880	,	13.67	,	20.8	,	NULL	,	NULL	,	NULL	,	NULL	,	NULL	,	NULL	,	NULL	,	NULL	,	 NULL	,	NULL	)	,
  (	96	,	1340	,	 NULL	,	13.51	,	18.28	,	NULL	,	NULL	,	NULL	,	NULL	,	NULL	,	NULL	,	NULL	,	NULL	,	 NULL	,	NULL	)	,
  (	97	,	 NULL	,	 NULL	,	13.25	,	 NULL	,	NULL	,	NULL	,	NULL	,	NULL	,	NULL	,	NULL	,	NULL	,	NULL	,	 NULL	,	NULL	)	,
  (	98	,	900	,	 NULL	,	15.1	,	 NULL	,	NULL	,	NULL	,	NULL	,	NULL	,	NULL	,	NULL	,	NULL	,	NULL	,	 NULL	,	NULL	)	,
  (	99	,	 NULL	,	1130	,	 NULL	,	 NULL	,	NULL	,	NULL	,	NULL	,	NULL	,	NULL	,	NULL	,	NULL	,	NULL	,	 NULL	,	NULL	)	,
  (	100	,	1800	,	 NULL	,	 NULL	,	 NULL	,	NULL	,	NULL	,	NULL	,	NULL	,	NULL	,	NULL	,	NULL	,	NULL	,	 NULL	,	NULL	)	,
  (	101	,	1100	,	 NULL	,	 NULL	,	 NULL	,	NULL	,	NULL	,	NULL	,	NULL	,	NULL	,	NULL	,	NULL	,	NULL	,	 NULL	,	NULL	)	,
  (	102	,	1100	,	 NULL	,	 NULL	,	 NULL	,	NULL	,	NULL	,	NULL	,	NULL	,	NULL	,	NULL	,	NULL	,	NULL	,	 NULL	,	NULL	)	,
  (	103	,	 NULL	,	 NULL	,	 NULL	,	 NULL	,	NULL	,	NULL	,	NULL	,	NULL	,	NULL	,	NULL	,	NULL	,	NULL	,	 NULL	,	NULL	)	,
  (	104	,	 NULL	,	 NULL	,	 NULL	,	 NULL	,	NULL	,	NULL	,	NULL	,	NULL	,	NULL	,	NULL	,	NULL	,	NULL	,	 NULL	,	NULL	)	,
  (	105	,	 NULL	,	 NULL	,	 NULL	,	 NULL	,	NULL	,	NULL	,	NULL	,	NULL	,	NULL	,	NULL	,	NULL	,	NULL	,	 NULL	,	NULL	)	,
  (	106	,	 NULL	,	 NULL	,	 NULL	,	 NULL	,	NULL	,	NULL	,	NULL	,	NULL	,	NULL	,	NULL	,	NULL	,	NULL	,	 NULL	,	NULL	)	,
  (	107	,	 NULL	,	 NULL	,	 NULL	,	 NULL	,	NULL	,	NULL	,	NULL	,	NULL	,	NULL	,	NULL	,	NULL	,	NULL	,	 NULL	,	NULL	)	,
  (	108	,	 NULL	,	 NULL	,	 NULL	,	 NULL	,	NULL	,	NULL	,	NULL	,	NULL	,	NULL	,	NULL	,	NULL	,	NULL	,	 NULL	,	NULL	)	,
  (	109	,	 NULL	,	 NULL	,	 NULL	,	 NULL	,	NULL	,	NULL	,	NULL	,	NULL	,	NULL	,	NULL	,	NULL	,	NULL	,	 NULL	,	NULL	)	,
  (	110	,	 NULL	,	 NULL	,	 NULL	,	 NULL	,	NULL	,	NULL	,	NULL	,	NULL	,	NULL	,	NULL	,	NULL	,	NULL	,	 NULL	,	NULL	)	,
  (	111	,	 NULL	,	 NULL	,	 NULL	,	 NULL	,	NULL	,	NULL	,	NULL	,	NULL	,	NULL	,	NULL	,	NULL	,	NULL	,	 NULL	,	NULL	)	,
  (	112	,	 NULL	,	 NULL	,	 NULL	,	 NULL	,	NULL	,	NULL	,	NULL	,	NULL	,	NULL	,	NULL	,	NULL	,	NULL	,	 NULL	,	NULL	)	,
  (	113	,	 NULL	,	 NULL	,	 NULL	,	 NULL	,	NULL	,	NULL	,	NULL	,	NULL	,	NULL	,	NULL	,	NULL	,	NULL	,	 NULL	,	NULL	)	,
  (	114	,	 NULL	,	 NULL	,	 NULL	,	 NULL	,	NULL	,	NULL	,	NULL	,	NULL	,	NULL	,	NULL	,	NULL	,	NULL	,	 NULL	,	NULL	)	,
  (	115	,	 NULL	,	 NULL	,	 NULL	,	 NULL	,	NULL	,	NULL	,	NULL	,	NULL	,	NULL	,	NULL	,	NULL	,	NULL	,	 NULL	,	NULL	)	,
  (	116	,	 NULL	,	 NULL	,	 NULL	,	 NULL	,	NULL	,	NULL	,	NULL	,	NULL	,	NULL	,	NULL	,	NULL	,	NULL	,	 NULL	,	NULL	)	,
  (	117	,	 NULL	,	 NULL	,	 NULL	,	 NULL	,	NULL	,	NULL	,	NULL	,	NULL	,	NULL	,	NULL	,	NULL	,	NULL	,	 NULL	,	NULL	)	,
  (	118	,	 NULL	,	 NULL	,	 NULL	,	 NULL	,	NULL	,	NULL	,	NULL	,	NULL	,	NULL	,	NULL	,	NULL	,	NULL	,	 NULL	,	NULL	) ;

--**--
--create table: natural_occurrence
CREATE TABLE periodic.natural_occurrence (
  atomic_number_PK INTEGER PRIMARY KEY,
  natural_occurence_name TEXT,
  natural_occurence_id INTEGER);

--insert data: natural_occurrence
INSERT INTO periodic.natural_occurrence VALUES
  (	1	, 'primordial' ,	123	),
  (	2	, 'primordial' ,	123	),
  (	3	, 'primordial' ,	123	),
  (	4	, 'primordial' ,	123	),
  (	5	, 'primordial' ,	123	),
  (	6	, 'primordial' ,	123	),
  (	7	, 'primordial' ,	123	),
  (	8	, 'primordial' ,	123	),
  (	9	, 'primordial' ,	123	),
  (	10	, 'primordial' ,	123	),
  (	11	, 'primordial' ,	123	),
  (	12	, 'primordial' ,	123	),
  (	13	, 'primordial' ,	123	),
  (	14	, 'primordial' ,	123	),
  (	15	, 'primordial' ,	123	),
  (	16	, 'primordial' ,	123	),
  (	17	, 'primordial' ,	123	),
  (	18	, 'primordial' ,	123	),
  (	19	, 'primordial' ,	123	),
  (	20	, 'primordial' ,	123	),
  (	21	, 'primordial' ,	123	),
  (	22	, 'primordial' ,	123	),
  (	23	, 'primordial' ,	123	),
  (	24	, 'primordial' ,	123	),
  (	25	, 'primordial' ,	123	),
  (	26	, 'primordial' ,	123	),
  (	27	, 'primordial' ,	123	),
  (	28	, 'primordial' ,	123	),
  (	29	, 'primordial' ,	123	),
  (	30	, 'primordial' ,	123	),
  (	31	, 'primordial' ,	123	),
  (	32	, 'primordial' ,	123	),
  (	33	, 'primordial' ,	123	),
  (	34	, 'primordial' ,	123	),
  (	35	, 'primordial' ,	123	),
  (	36	, 'primordial' ,	123	),
  (	37	, 'primordial' ,	123	),
  (	38	, 'primordial' ,	123	),
  (	39	, 'primordial' ,	123	),
  (	40	, 'primordial' ,	123	),
  (	41	, 'primordial' ,	123	),
  (	42	, 'primordial' ,	123	),
  (	43	, 'from decay' ,	456	),
  (	44	, 'primordial' ,	123	),
  (	45	, 'primordial' ,	123	),
  (	46	, 'primordial' ,	123	),
  (	47	, 'primordial' ,	123	),
  (	48	, 'primordial' ,	123	),
  (	49	, 'primordial' ,	123	),
  (	50	, 'primordial' ,	123	),
  (	51	, 'primordial' ,	123	),
  (	52	, 'primordial' ,	123	),
  (	53	, 'primordial' ,	123	),
  (	54	, 'primordial' ,	123	),
  (	55	, 'primordial' ,	123	),
  (	56	, 'primordial' ,	123	),
  (	57	, 'primordial' ,	123	),
  (	58	, 'primordial' ,	123	),
  (	59	, 'primordial' ,	123	),
  (	60	, 'primordial' ,	123	),
  (	61	, 'from decay' ,	456	),
  (	62	, 'primordial' ,	123	),
  (	63	, 'primordial' ,	123	),
  (	64	, 'primordial' ,	123	),
  (	65	, 'primordial' ,	123	),
  (	66	, 'primordial' ,	123	),
  (	67	, 'primordial' ,	123	),
  (	68	, 'primordial' ,	123	),
  (	69	, 'primordial' ,	123	),
  (	70	, 'primordial' ,	123	),
  (	71	, 'primordial' ,	123	),
  (	72	, 'primordial' ,	123	),
  (	73	, 'primordial' ,	123	),
  (	74	, 'primordial' ,	123	),
  (	75	, 'primordial' ,	123	),
  (	76	, 'primordial' ,	123	),
  (	77	, 'primordial' ,	123	),
  (	78	, 'primordial' ,	123	),
  (	79	, 'primordial' ,	123	),
  (	80	, 'primordial' ,	123	),
  (	81	, 'primordial' ,	123	),
  (	82	, 'primordial' ,	123	),
  (	83	, 'primordial' ,	123	),
  (	84	, 'from decay' ,	456	),
  (	85	, 'from decay' ,	456	),
  (	86	, 'from decay' ,	456	),
  (	87	, 'from decay' ,	456	),
  (	88	, 'from decay' ,	456	),
  (	89	, 'from decay' ,	456	),
  (	90	, 'primordial' ,	123	),
  (	91	, 'from decay' ,	456	),
  (	92	, 'primordial' ,	123	),
  (	93	, 'from decay' ,	456	),
  (	94	, 'from decay' ,	456	),
  (	104	, 'synthetic' ,	789	),
  (	105	, 'synthetic' ,	789	),
  (	106	, 'synthetic' ,	789	),
  (	107	, 'synthetic' ,	789	),
  (	108	, 'synthetic' ,	789	),
  (	109	, 'synthetic' ,	789	),
  (	110	, 'synthetic' ,	789	),
  (	111	, 'synthetic' ,	789	);

--**--
--create table: main
CREATE TABLE periodic.main (
  atomic_number_PK INTEGER PRIMARY KEY,
  element_name VARCHAR(20),
  symbol VARCHAR(3),
  period_row INTEGER,
  group_column_FK INTEGER ) ;
--insert data: main
INSERT INTO periodic.main VALUES
  (1, 'Hydrogen', 'H', 1, 1),
  (2, 'Helium', 'He', 1, 18),
  (3, 'Lithium', 'Li', 2, 1),
  (4, 'Beryllium', 'Be', 2, 2),
  (5, 'Boron', 'B', 2, 13),
  (6, 'Carbon', 'C', 2, 14),
  (7, 'Nitrogen', 'N', 2, 15),
  (8, 'Oxygen', 'O', 2, 16),
  (9, 'Fluorine', 'F', 2, 17),
  (10, 'Neon', 'Ne', 2, 18),
  (11, 'Sodium', 'Na', 3, 1),
  (12, 'Magnesium', 'Mg', 3, 2),
  (13, 'Aluminium', 'Al', 3, 13),
  (14, 'Silicon', 'Si', 3, 14),
  (15, 'Phosphorus', 'P', 3, 15),
  (16, 'Sulfur', 'S', 3, 16),
  (17, 'Chlorine', 'Cl', 3, 17),
  (18, 'Argon', 'Ar', 3, 18),
  (19, 'Potassium', 'K', 4, 1),
  (20, 'Calcium', 'Ca', 4, 2),
  (21, 'Scandium', 'Sc', 4, 3),
  (22, 'Titanium', 'Ti', 4, 4),
  (23, 'Vanadium', 'V', 4, 5),
  (24, 'Chromium', 'Cr', 4, 6),
  (25, 'Manganese', 'Mn', 4, 7),
  (26, 'Iron', 'Fe', 4, 8),
  (27, 'Cobalt', 'Co', 4, 9),
  (28, 'Nickel', 'Ni', 4, 10),
  (29, 'Copper', 'Cu', 4, 11),
  (30, 'Zinc', 'Zn', 4, 12),
  (31, 'Gallium', 'Ga', 4, 13),
  (32, 'Germanium', 'Ge', 4, 14),
  (33, 'Arsenic', 'As', 4, 15),
  (34, 'Selenium', 'Se', 4, 16),
  (35, 'Bromine', 'Br', 4, 17),
  (36, 'Krypton', 'Kr', 4, 18),
  (37, 'Rubidium', 'Rb', 5, 1),
  (38, 'Strontium', 'Sr', 5, 2),
  (39, 'Yttrium', 'Y', 5, 3),
  (40, 'Zirconium', 'Zr', 5, 4),
  (41, 'Niobium', 'Nb', 5, 5),
  (42, 'Molybdenum', 'Mo', 5, 6),
  (43, 'Technetium', 'Tc', 5, 7),
  (44, 'Ruthenium', 'Ru', 5, 8),
  (45, 'Rhodium', 'Rh', 5, 9),
  (46, 'Palladium', 'Pd', 5, 10),
  (47, 'Silver', 'Ag', 5, 11),
  (48, 'Cadmium', 'Cd', 5, 12),
  (49, 'Indium', 'In', 5, 13),
  (50, 'Tin', 'Sn', 5, 14),
  (51, 'Antimony', 'Sb', 5, 15),
  (52, 'Tellurium', 'Te', 5, 16),
  (53, 'Iodine', 'I', 5, 17),
  (54, 'Xenon', 'Xe', 5, 18),
  (55, 'Caesium', 'Cs', 6, 1),
  (56, 'Barium', 'Ba', 6, 2),
  (57, 'Lanthanum', 'La', 8, 3),
  (58, 'Cerium', 'Ce', 8, 4),
  (59, 'Praseodymium', 'Pr', 8, 5),
  (60, 'Neodymium', 'Nd', 8, 6),
  (61, 'Promethium', 'Pm', 8, 7),
  (62, 'Samarium', 'Sm', 8, 8),
  (63, 'Europium', 'Eu', 8, 9),
  (64, 'Gadolinium', 'Gd', 8, 10),
  (65, 'Terbium', 'Tb', 8, 11),
  (66, 'Dysprosium', 'Dy', 8, 12),
  (67, 'Holmium', 'Ho', 8, 13),
  (68, 'Erbium', 'Er', 8, 14),
  (69, 'Thulium', 'Tm', 8, 15),
  (70, 'Ytterbium', 'Yb', 8, 16),
  (71, 'Lutetium', 'Lu', 8, 17),
  (72, 'Hafnium', 'Hf', 6, 4),
  (73, 'Tantalum', 'Ta', 6, 5),
  (74, 'Tungsten', 'W', 6, 6),
  (75, 'Rhenium', 'Re', 6, 7),
  (76, 'Osmium', 'Os', 6, 8),
  (77, 'Iridium', 'Ir', 6, 9),
  (78, 'Platinum', 'Pt', 6, 10),
  (79, 'Gold', 'Au', 6, 11),
  (80, 'Mercury', 'Hg', 6, 12),
  (81, 'Thallium', 'Tl', 6, 13),
  (82, 'Lead', 'Pb', 6, 14),
  (83, 'Bismuth', 'Bi', 6, 15),
  (84, 'Polonium', 'Po', 6, 16),
  (85, 'Astatine', 'At', 6, 17),
  (86, 'Radon', 'Rn', 6, 18),
  (87, 'Francium', 'Fr', 7, 1),
  (88, 'Radium', 'Ra', 7, 2),
  (89, 'Actinium', 'Ac', 9, 3),
  (90, 'Thorium', 'Th', 9, 4),
  (91, 'Protactinium', 'Pa', 9, 5),
  (92, 'Uranium', 'U', 9, 6),
  (93, 'Neptunium', 'Np', 9, 7),
  (94, 'Plutonium', 'Pu', 9, 8),
  (95, 'Americium', 'Am', 9, 9),
  (96, 'Curium', 'Cm', 9, 10),
  (97, 'Berkelium', 'Bk', 9, 11),
  (98, 'Californium', 'Cf', 9, 12),
  (99, 'Einsteinium', 'Es', 9, 13),
  (100, 'Fermium', 'Fm', 9, 14),
  (101, 'Mendelevium', 'Md', 9, 15),
  (102, 'Nobelium', 'No', 9, 16),
  (103, 'Lawrencium', 'Lr', 9, 17),
  (104, 'Rutherfordium', 'Rf', 7, 4),
  (105, 'Dubnium', 'Db', 7, 5),
  (106, 'Seaborgium', 'Sg', 7, 6),
  (107, 'Bohrium', 'Bh', 7, 7),
  (108, 'Hassium', 'Hs', 7, 8),
  (109, 'Meitnerium', 'Mt', 7, 9),
  (110, 'Darmstadtium', 'Ds', 7, 10),
  (111, 'Roentgenium', 'Rg', 7, 11),
  (112, 'Copernicium', 'Cn', 7, 12),
  (113, 'Nihonium', 'Nh', 7, 13),
  (114, 'Flerovium', 'Fl', 7, 14),
  (115, 'Moscovium', 'Mc', 7, 15),
  (116, 'Livermorium', 'Lv', 7, 16),
  (117, 'Tennessine', 'Ts', 7, 17),
  (118, 'Oganesson', 'Og', 7, 18);

--**--
--create table: element_group
--[insert ddl statement here]
--insert data:element_group

--**--
--create table: period

CREATE TABLE periodic.period(
  atomic_number_PK INT ,
  periodic_table_row_num_PK INT ,
  number_electron_shells INT,
  PRIMARY KEY( atomic_number_PK, periodic_table_row_num_PK ) ) ;
--insert data: period
INSERT INTO periodic.period VALUES
  (	1	,	1	,	1	),
  (	2	,	1	,	1	),
  (	3	,	2	,	2	),
  (	4	,	2	,	2	),
  (	5	,	2	,	2	),
  (	6	,	2	,	2	),
  (	7	,	2	,	2	),
  (	8	,	2	,	2	),
  (	9	,	2	,	2	),
  (	10	,	2	,	2	),
  (	11	,	3	,	3	),
  (	12	,	3	,	3	),
  (	13	,	3	,	3	),
  (	14	,	3	,	3	),
  (	15	,	3	,	3	),
  (	16	,	3	,	3	),
  (	17	,	3	,	3	),
  (	18	,	3	,	3	),
  (	19	,	4	,	4	),
  (	20	,	4	,	4	),
  (	21	,	4	,	4	),
  (	22	,	4	,	4	),
  (	23	,	4	,	4	),
  (	24	,	4	,	4	),
  (	25	,	4	,	4	),
  (	26	,	4	,	4	),
  (	27	,	4	,	4	),
  (	28	,	4	,	4	),
  (	29	,	4	,	4	),
  (	30	,	4	,	4	),
  (	31	,	4	,	4	),
  (	32	,	4	,	4	),
  (	33	,	4	,	4	),
  (	34	,	4	,	4	),
  (	35	,	4	,	4	),
  (	36	,	4	,	4	),
  (	37	,	5	,	5	),
  (	38	,	5	,	5	),
  (	39	,	5	,	5	),
  (	40	,	5	,	5	),
  (	41	,	5	,	5	),
  (	42	,	5	,	5	),
  (	43	,	5	,	5	),
  (	44	,	5	,	5	),
  (	45	,	5	,	5	),
  (	46	,	5	,	5	),
  (	47	,	5	,	5	),
  (	48	,	5	,	5	),
  (	49	,	5	,	5	),
  (	50	,	5	,	5	),
  (	51	,	5	,	5	),
  (	52	,	5	,	5	),
  (	53	,	5	,	5	),
  (	54	,	5	,	5	),
  (	55	,	6	,	6	),
  (	56	,	6	,	6	),
  (	57	,	6	,	6	),
  (	58	,	6	,	6	),
  (	59	,	6	,	6	),
  (	60	,	6	,	6	),
  (	61	,	6	,	6	),
  (	62	,	6	,	6	),
  (	63	,	6	,	6	),
  (	64	,	6	,	6	),
  (	65	,	6	,	6	),
  (	66	,	6	,	6	),
  (	67	,	6	,	6	),
  (	68	,	6	,	6	),
  (	69	,	6	,	6	),
  (	70	,	6	,	6	),
  (	71	,	6	,	6	),
  (	72	,	6	,	6	),
  (	73	,	6	,	6	),
  (	74	,	6	,	6	),
  (	75	,	6	,	6	),
  (	76	,	6	,	6	),
  (	77	,	6	,	6	),
  (	78	,	6	,	6	),
  (	79	,	6	,	6	),
  (	80	,	6	,	6	),
  (	81	,	6	,	6	),
  (	82	,	6	,	6	),
  (	83	,	6	,	6	),
  (	84	,	6	,	6	),
  (	85	,	6	,	6	),
  (	86	,	6	,	6	),
  (	87	,	7	,	7	),
  (	88	,	7	,	7	),
  (	89	,	7	,	7	),
  (	90	,	7	,	7	),
  (	91	,	7	,	7	),
  (	92	,	7	,	7	),
  (	93	,	7	,	7	),
  (	94	,	7	,	7	),
  (	95	,	7	,	7	),
  (	96	,	7	,	7	),
  (	97	,	7	,	7	),
  (	98	,	7	,	7	),
  (	99	,	7	,	7	),
  (	100	,	7	,	7	),
  (	101	,	7	,	7	),
  (	102	,	7	,	7	),
  (	103	,	7	,	7	),
  (	104	,	7	,	7	),
  (	105	,	7	,	7	),
  (	106	,	7	,	7	),
  (	107	,	7	,	7	),
  (	108	,	7	,	7	),
  (	109	,	7	,	7	),
  (	110	,	7	,	7	),
  (	111	,	7	,	7	),
  (	112	,	7	,	7	),
  (	113	,	7	,	7	),
  (	114	,	7	,	7	),
  (	115	,	7	,	7	),
  (	116	,	7	,	7	),
  (	117	,	7	,	7	),
  (	118	,	7	,	7	);

--**--
--create table: electron_configuration
CREATE TABLE periodic.electron_configuration (
  id SERIAL PRIMARY KEY ,
  electron_configuration TEXT ) ;
ALTER SEQUENCE periodic.electron_configuration_id_seq RESTART WITH 1001 ;
--insert data: electron_configuration
INSERT INTO periodic.electron_configuration(electron_configuration) VALUES
  /*	1001 */ ( '1s1' ) ,
  /*	1002 */ ( '1s2' ) ,
  /*	1003 */ ( '[He]2s1' ) ,
  /*	1004 */ ( '[He]2s2' ) ,
  /*	1005 */ ( '[He]2s22p1' ) ,
  /*	1006 */ ( '[He]2s22p2' ) ,
  /*	1007 */ ( '[He]2s22p3' ) ,
  /*	1008 */ ( '[He]2s22p' ) ,
  /*	1009 */ ( '[Ne]3s1' ) ,
  /*	1010 */ ( '[Ne]3s2' ) ,
  /*	1011 */ ( '[Ne]3s23p1' ) ,
  /*	1012 */ ( '[Ne]3s23p2' ) ,
  /*	1013 */ ( '[Ne]3s23p3' ) ,
  /*	1014 */ ( '[Ne]3s23p' ) ,
  /*	1015 */ ( '[Ar]4s1' ) ,
  /*	1016 */ ( '[Ar]4s2' ) ,
  /*	1017 */ ( '[Ar]3d14s2' ) ,
  /*	1018 */ ( '[Ar]3d24s2' ) ,
  /*	1019 */ ( '[Ar]3d34s2' ) ,
  /*	1020 */ ( '[Ar]3d4s1' ) ,
  /*	1021 */ ( '[Ar]3d4s2' ) ,
  /*	1022 */ ( '[Ar]3d14s1' ) ,
  /*	1023 */ ( '[Ar]3d14s24p1' ) ,
  /*	1024 */ ( '[Ar]3d14s24p2' ) ,
  /*	1025 */ ( '[Ar]3d14s24p3' ) ,
  /*	1026 */ ( '[Ar]3d14s24p' ) ,
  /*	1027 */ ( '[Kr]5s1' ) ,
  /*	1028 */ ( '[Kr]5s2' ) ,
  /*	1029 */ ( '[Kr]4d15s2' ) ,
  /*	1030 */ ( '[Kr]4d25s2' ) ,
  /*	1031 */ ( '[Kr]4d5s1' ) ,
  /*	1032 */ ( '[Kr]4d5s' ) ,
  /*	1033 */ ( '[Kr]4d5s2' ) ,
  /*	1034 */ ( '[Kr]4d5s25p1' ) ,
  /*	1035 */ ( '[Kr]4d5s25p2' ) ,
  /*	1036 */ ( '[Kr]4d5s25p3' ) ,
  /*	1037 */ ( '[Kr]4d5s25p' ) ,
  /*	1038 */ ( '[Xe]6s1' ) ,
  /*	1039 */ ( '[Xe]6s2' ) ,
  /*	1040 */ ( '[Xe]6d16s2' ) ,
  /*	1041 */ ( '[Xe]4f15d16s2' ) ,
  /*	1042 */ ( '[Xe]4f35d6s2' ) ,
  /*	1043 */ ( '[Xe]4f5d6s2' ) ,
  /*	1044 */ ( '[Xe]4f5d16s2' ) ,
  /*	1045 */ ( '[Xe]4f115d6s2' ) ,
  /*	1046 */ ( '[Xe]4f125d6s2' ) ,
  /*	1047 */ ( '[Xe]4f135d6s2' ) ,
  /*	1048 */ ( '[Xe]4f15d26s2' ) ,
  /*	1049 */ ( '[Xe]4f15d36s2' ) ,
  /*	1050 */ ( '[Xe]4f15d6s2' ) ,
  /*	1051 */ ( '[Xe]4f15d16s26p1' ) ,
  /*	1052 */ ( '[Xe]4f15d16s26p2' ) ,
  /*	1053 */ ( '[Xe]4f15d16s26p3' ) ,
  /*	1054 */ ( '[Xe]4f15d16s26p' ) ,
  /*	1055 */ ( '[Rn]7s1' ) ,
  /*	1056 */ ( '[Rn]7s2' ) ,
  /*	1057 */ ( '[Rn]6d17s2' ) ,
  /*	1058 */ ( '[Rn]5f6d17s2' ) ,
  /*	1059 */ ( '[Rn]5f26d17s2' ) ,
  /*	1060 */ ( '[Rn]5f36d17s2' ) ,
  /*	1061 */ ( '[Rn]5f6d7s2' ) ,
  /*	1062 */ ( '[Rn]5f16d7s2' ) ,
  /*	1063 */ ( '[Rn]5f116d7s2' ) ,
  /*	1064 */ ( '[Rn]5f126d7s2' ) ,
  /*	1065 */ ( '[Rn]5f136d7s2' ) ,
  /*	1066 */ ( '[Rn]5f16d17s2' ) ,
  /*	1067 */ ( '[Rn]5f16d27s2' ) ,
  /*	1068 */ ( '[Rn]5f16d36s2' )
 ;

--**--
--create table: elec_config_mapping
CREATE TABLE periodic.elec_config_mapping (
  atomic_number_PK INTEGER PRIMARY KEY,
  electron_configuration_id_FK INTEGER
    REFERENCES periodic.electron_configuration ( id ) ) ;
--insert data: elec_config_mapping
INSERT INTO periodic.elec_config_mapping VALUES
  (	1	,	1001	),
  (	2	,	1002	),
  (	3	,	1003	),
  (	4	,	1004	),
  (	5	,	1005	),
  (	6	,	1006	),
  (	7	,	1007	),
  (	8	,	1008	),
  (	9	,	1008	),
  (	10	,	1008	),
  (	11	,	1009	),
  (	12	,	1010	),
  (	13	,	1011	),
  (	14	,	1012	),
  (	15	,	1013	),
  (	16	,	1014	),
  (	17	,	1014	),
  (	18	,	1014	),
  (	19	,	1015	),
  (	20	,	1016	),
  (	21	,	1017	),
  (	22	,	1018	),
  (	23	,	1019	),
  (	24	,	1020	),
  (	25	,	1021	),
  (	26	,	1021	),
  (	27	,	1021	),
  (	28	,	1021	),
  (	29	,	1022	),
  (	30	,	1017	),
  (	31	,	1023	),
  (	32	,	1024	),
  (	33	,	1025	),
  (	34	,	1026	),
  (	35	,	1026	),
  (	36	,	1026	),
  (	37	,	1027	),
  (	38	,	1028	),
  (	39	,	1029	),
  (	40	,	1030	),
  (	41	,	1031	),
  (	42	,	1031	),
  (	43	,	1031	),
  (	44	,	1031	),
  (	45	,	1031	),
  (	46	,	1032	),
  (	47	,	1031	),
  (	48	,	1033	),
  (	49	,	1034	),
  (	50	,	1035	),
  (	51	,	1036	),
  (	52	,	1037	),
  (	53	,	1037	),
  (	54	,	1037	),
  (	55	,	1038	),
  (	56	,	1039	),
  (	57	,	1040	),
  (	58	,	1041	),
  (	59	,	1042	),
  (	60	,	1043	),
  (	61	,	1043	),
  (	62	,	1043	),
  (	63	,	1043	),
  (	64	,	1044	),
  (	65	,	1043	),
  (	66	,	1043	),
  (	67	,	1045	),
  (	68	,	1046	),
  (	69	,	1047	),
  (	70	,	1041	),
  (	71	,	1041	),
  (	72	,	1048	),
  (	73	,	1049	),
  (	74	,	1050	),
  (	75	,	1050	),
  (	76	,	1050	),
  (	77	,	1050	),
  (	78	,	1050	),
  (	79	,	1041	),
  (	80	,	1041	),
  (	81	,	1051	),
  (	82	,	1052	),
  (	83	,	1053	),
  (	84	,	1054	),
  (	85	,	1054	),
  (	86	,	1054	),
  (	87	,	1055	),
  (	88	,	1056	),
  (	89	,	1057	),
  (	90	,	1058	),
  (	91	,	1059	),
  (	92	,	1060	),
  (	93	,	1058	),
  (	94	,	1061	),
  (	95	,	1061	),
  (	96	,	1058	),
  (	97	,	1061	),
  (	98	,	1062	),
  (	99	,	1063	),
  (	100	,	1064	),
  (	101	,	1065	),
  (	102	,	1062	),
  (	103	,	1066	),
  (	104	,	1067	),
  (	105	,	1068	),
  (	106	,	1066	),
  (	107	,	NULL	),
  (	108	,	NULL	),
  (	109	,	NULL	),
  (	110	,	NULL	),
  (	111	,	NULL	),
  (	112	,	NULL	),
  (	113	,	NULL	),
  (	114	,	NULL	),
  (	115	,	NULL	),
  (	116	,	NULL	),
  (	117	,	NULL	),
  (	118	,	NULL	);

--**--
--create table: atomic_properties
CREATE TABLE periodic.atomic_properties (
  atomic_number_PK INTEGER PRIMARY KEY ,
  standard_atomic_weight NUMERIC ,
  electron_configuration TEXT ,
  atomic_radius NUMERIC ,
  first_ionization_energy NUMERIC ,
  pauling_electronegativity NUMERIC ,
  electron_affinity NUMERIC ,
  lattice TEXT ,
  covalent_radius NUMERIC ,
  van_der_waals_radius NUMERIC ,
  electron_configuration_id_FK INTEGER
    REFERENCES periodic.electron_configuration ( id ) ) ;
--insert data: atomic_properties
INSERT INTO periodic.atomic_properties VALUES
  (	1	,	1.00794	,	'1s1',	79	,	1311.3	,	2.2	,	0.75	,	'HEX',	32	,	120	,	1001	),
  (	2	,	4.002602	,	'1s2',	0	,	2361.3	,	 NULL	,	0.75	,	'HEX',	 NULL	,	140	,	1002	),
  (	3	,	6.941	,	'[He]2s1',	155	,	519.9	,	0.98	,	-19.7	,	'BCC',	163	,	182	,	1003	),
  (	4	,	9.01218	,	'[He]2s2',	112	,	898.8	,	1.57	,	0.62	,	'HEX',	90	,	NULL	,	1004	),
  (	5	,	10.811	,	'[He]2s22p1',	98	,	800.2	,	2.04	,	-2.4	,	'TET',	82	,	NULL	,	1005	),
  (	6	,	12.011	,	'[He]2s22p2',	91	,	1085.7	,	2.55	,	0.28	,	'DIA',	77	,	170	,	1006	),
  (	7	,	14.00674	,	'[He]2s22p3',	92	,	1401.5	,	3.04	,	1.26	,	'HEX',	75	,	155	,	1007	),
  (	8	,	15.9994	,	'[He]2s22p',	 NULL	,	1313.1	,	3.44	,	1.26	,	'CUB',	73	,	152	,	1008	),
  (	9	,	18.998403	,	'[He]2s22p',	 NULL	,	1680	,	3.98	,	-1.4	,	'MCL',	72	,	147	,	1008	),
  (	10	,	20.1797	,	'[He]2s22p',	 NULL	,	2079.4	,	0	,	1.46	,	'FCC',	71	,	154	,	1008	),
  (	11	,	22.989768	,	'[Ne]3s1',	190	,	495.6	,	0.93	,	1.46	,	'BCC',	154	,	227	,	1009	),
  (	12	,	24.305	,	'[Ne]3s2',	160	,	737.3	,	1.31	,	1.46	,	'HEX',	136	,	173	,	1010	),
  (	13	,	26.981539	,	'[Ne]3s23p1',	143	,	577.2	,	1.61	,	3.40	,	'FCC',	118	,	NULL	,	1011	),
  (	14	,	28.0855	,	'[Ne]3s23p2',	132	,	786	,	1.9	,	NULL	,	'DIA',	111	,	210	,	1012	),
  (	15	,	30.973762	,	'[Ne]3s23p3',	128	,	1011.2	,	2.19	,	0.55	,	'CUB',	106	,	180	,	1013	),
  (	16	,	32.066	,	'[Ne]3s23p',	127	,	999	,	2.58	,	NULL	,	'ORC',	102	,	180	,	1014	),
  (	17	,	35.4527	,	'[Ne]3s23p',	 NULL	,	1254.9	,	3.16	,	0.43	,	'ORC',	99	,	175	,	1014	),
  (	18	,	39.948	,	'[Ne]3s23p',	 NULL	,	1519.6	,	0	,	1.39	,	'FCC',	98	,	188	,	1014	),
  (	19	,	39.0983	,	'[Ar]4s1',	235	,	418.5	,	0.82	,	0.75	,	'BCC',	203	,	275	,	1015	),
  (	20	,	40.078	,	'[Ar]4s2',	197	,	589.4	,	1	,	2.08	,	'FCC',	174	,	NULL	,	1016	),
  (	21	,	44.95591	,	'[Ar]3d14s2',	162	,	630.8	,	1.36	,	2.08	,	'HEX',	144	,	NULL	,	1017	),
  (	22	,	47.88	,	'[Ar]3d24s2',	147	,	657.8	,	1.54	,	3.61	,	'HEX',	132	,	NULL	,	1018	),
  (	23	,	50.9415	,	'[Ar]3d34s2',	134	,	650.1	,	1.63	,	-11.5	,	'BCC',	122	,	NULL	,	1019	),
  (	24	,	51.9961	,	'[Ar]3d4s1',	130	,	652.4	,	1.66	,	0.50	,	'BCC',	118	,	NULL	,	1020	),
  (	25	,	54.93805	,	'[Ar]3d4s2',	135	,	716.8	,	1.55	,	0.02	,	'CUB',	117	,	NULL	,	1021	),
  (	26	,	55.847	,	'[Ar]3d4s2',	126	,	759.1	,	1.83	,	0.19	,	'BCC',	117	,	NULL	,	1021	),
  (	27	,	58.9332	,	'[Ar]3d4s2',	125	,	758.1	,	1.88	,	0.08	,	'HEX',	116	,	NULL	,	1021	),
  (	28	,	58.6934	,	'[Ar]3d4s2',	124	,	736.2	,	1.91	,	0.53	,	'FCC',	115	,	163	,	1021	),
  (	29	,	63.546	,	'[Ar]3d14s1',	128	,	745	,	1.9	,	0.68	,	'FCC',	117	,	140	,	1022	),
  (	30	,	65.39	,	'[Ar]3d14s2',	138	,	905.8	,	1.65	,	-1.00	,	'HEX',	125	,	139	,	1017	),
  (	31	,	69.723	,	'[Ar]3d14s24p1',	141	,	578.7	,	1.81	,	0.15	,	'ORC',	126	,	187	,	1023	),
  (	32	,	72.61	,	'[Ar]3d14s24p2',	137	,	760	,	2.01	,	0.66	,	'DIA',	122	,	NULL	,	1024	),
  (	33	,	74.92159	,	'[Ar]3d14s24p3',	139	,	946.2	,	2.18	,	1.16	,	'RHL',	120	,	185	,	1025	),
  (	34	,	78.96	,	'[Ar]3d14s24p',	140	,	940.4	,	2.55	,	1.24	,	'HEX',	116	,	190	,	1026	),
  (	35	,	79.904	,	'[Ar]3d14s24p',	 NULL	,	1142	,	2.96	,	NULL	,	'ORC',	114	,	185	,	1026	),
  (	36	,	83.8	,	'[Ar]3d14s24p',	 NULL	,	1350	,	0	,	0.43	,	'FCC',	112	,	202	,	1026	),
  (	37	,	85.4678	,	'[Kr]5s1',	248	,	402.8	,	0.82	,	1.23	,	'BCC',	216	,	NULL	,	1027	),
  (	38	,	87.62	,	'[Kr]5s2',	215	,	549	,	0.95	,	0.80	,	'FCC',	191	,	NULL	,	1028	),
  (	39	,	88.90585	,	'[Kr]4d15s2',	178	,	615.4	,	1.22	,	2.02	,	'HEX',	162	,	NULL	,	1029	),
  (	40	,	91.224	,	'[Kr]4d25s2',	160	,	659.7	,	1.33	,	3.36	,	'HEX',	145	,	NULL	,	1030	),
  (	41	,	92.90638	,	'[Kr]4d5s1',	146	,	663.6	,	1.6	,	NULL	,	'BCC',	134	,	NULL	,	1031	),
  (	42	,	95.94	,	'[Kr]4d5s1',	139	,	684.8	,	2.16	,	0.49	,	'BCC',	130	,	NULL	,	1031	),
  (	43	,	97.9072	,	'[Kr]4d5s1',	136	,	702.2	,	1.9	,	0.05	,	'HEX',	127	,	NULL	,	1031	),
  (	44	,	101.07	,	'[Kr]4d5s1',	134	,	710.3	,	2.2	,	0.31	,	'HEX',	125	,	NULL	,	1031	),
  (	45	,	102.9055	,	'[Kr]4d5s1',	134	,	719.5	,	2.28	,	0.43	,	'FCC',	125	,	NULL	,	1031	),
  (	46	,	106.42	,	'[Kr]4d5s',	137	,	803.5	,	2.2	,	0.92	,	'FCC',	128	,	163	,	1032	),
  (	47	,	107.8682	,	'[Kr]4d5s1',	144	,	730.5	,	1.93	,	0.75	,	'FCC',	134	,	172	,	1031	),
  (	48	,	112.411	,	'[Kr]4d5s2',	154	,	867.2	,	1.69	,	0.64	,	'HEX',	148	,	158	,	1033	),
  (	49	,	114.818	,	'[Kr]4d5s25p1',	166	,	558	,	1.78	,	1.05	,	'TET',	144	,	193	,	1034	),
  (	50	,	118.71	,	'[Kr]4d5s25p2',	162	,	708.2	,	1.96	,	1.14	,	'TET',	141	,	217	,	1035	),
  (	51	,	121.76	,	'[Kr]4d5s25p3',	159	,	833.3	,	2.05	,	0.56	,	'RHL',	140	,	NULL	,	1036	),
  (	52	,	127.6	,	'[Kr]4d5s25p',	160	,	869	,	2.1	,	1.30	,	'HEX',	136	,	206	,	1037	),
  (	53	,	126.90447	,	'[Kr]4d5s25p',	 NULL	,	1008.3	,	2.66	,	NULL	,	'ORC',	133	,	198	,	1037	),
  (	54	,	131.29	,	'[Kr]4d5s25p',	 NULL	,	1170	,	0	,	0.38	,	'FCC',	131	,	216	,	1037	),
  (	55	,	132.90543	,	'[Xe]6s1',	267	,	375.5	,	0.79	,	1.11	,	'BCC',	235	,	NULL	,	1038	),
  (	56	,	137.327	,	'[Xe]6s2',	222	,	502.5	,	0.89	,	1.05	,	'BCC',	198	,	NULL	,	1039	),
  (	57	,	138.9055	,	'[Xe]6d16s2',	187	,	541.1	,	1.1	,	1.97	,	'HEX',	169	,	NULL	,	1040	),
  (	58	,	140.115	,	'[Xe]4f15d16s2',	181	,	540.1	,	1.12	,	3.06	,	'FCC',	165	,	NULL	,	1041	),
  (	59	,	140.90765	,	'[Xe]4f35d6s2',	182	,	526.6	,	1.13	,	-0.06	,	'HEX',	165	,	NULL	,	1042	),
  (	60	,	144.24	,	'[Xe]4f5d6s2',	182	,	531.5	,	1.14	,	0.47	,	'HEX',	184	,	NULL	,	1043	),
  (	61	,	144.9127	,	'[Xe]4f5d6s2',	 NULL	,	536	,	0	,	0.14	,		NULL		,	163	,	NULL	,	1043	),
  (	62	,	150.36	,	'[Xe]4f5d6s2',	181	,	540.1	,	1.17	,	0.55	,	'RHL',	162	,	NULL	,	1043	),
  (	63	,	151.965	,	'[Xe]4f5d6s2',	199	,	546.9	,	0	,	0.57	,	'BCC',	185	,	NULL	,	1043	),
  (	64	,	157.25	,	'[Xe]4f5d16s2',	179	,	594.2	,	1.2	,	0.96	,	'HEX',	161	,	NULL	,	1044	),
  (	65	,	158.92534	,	'[Xe]4f5d6s2',	180	,	569	,	1.2	,	0.16	,	'HEX',	159	,	NULL	,	1043	),
  (	66	,	162.5	,	'[Xe]4f5d6s2',	180	,	567	,	 NULL	,	0.13	,	'HEX',	159	,	NULL	,	1043	),
  (	67	,	164.93032	,	'[Xe]4f115d6s2',	179	,	574	,	1.23	,	0.16	,	'HEX',	158	,	NULL	,	1045	),
  (	68	,	167.26	,	'[Xe]4f125d6s2',	178	,	581	,	1.24	,	0.12	,	'HEX',	157	,	NULL	,	1046	),
  (	69	,	168.93421	,	'[Xe]4f135d6s2',	177	,	589	,	1.25	,	0.14	,	'HEX',	156	,	NULL	,	1047	),
  (	70	,	173.04	,	'[Xe]4f15d16s2',	194	,	603	,	1.1	,	0.44	,	'FCC',	 NULL	,	NULL	,	1041	),
  (	71	,	174.967	,	'[Xe]4f15d16s2',	175	,	513	,	1.27	,	0.35	,	'HEX',	156	,	NULL	,	1041	),
  (	72	,	178.49	,	'[Xe]4f15d26s2',	167	,	575.2	,	1.3	,	0.34	,	'HEX',	144	,	NULL	,	1048	),
  (	73	,	180.9479	,	'[Xe]4f15d36s2',	149	,	760.1	,	1.5	,	0.31	,	'BCC',	134	,	NULL	,	1049	),
  (	74	,	183.84	,	'[Xe]4f15d6s2',	141	,	769.7	,	1.7	,	1.03	,	'BCC',	130	,	NULL	,	1050	),
  (	75	,	186.207	,	'[Xe]4f15d6s2',	137	,	759.1	,	1.9	,	0.00	,	'HEX',	128	,	NULL	,	1050	),
  (	76	,	190.23	,	'[Xe]4f15d6s2',	135	,	819.8	,	2.2	,	0.35	,	'HEX',	126	,	NULL	,	1050	),
  (	77	,	192.22	,	'[Xe]4f15d6s2',	136	,	868.1	,	2.2	,	0.11	,	'FCC',	127	,	NULL	,	1050	),
  (	78	,	195.08	,	'[Xe]4f15d6s2',	139	,	868.1	,	2.28	,	0.32	,	'FCC',	130	,	175	,	1050	),
  (	79	,	196.96654	,	'[Xe]4f15d16s2',	146	,	889.3	,	2.54	,	0.82	,	'FCC',	134	,	166	,	1041	),
  (	80	,	200.59	,	'[Xe]4f15d16s2',	157	,	1006	,	2	,	0.15	,	'RHL',	149	,	155	,	1041	),
  (	81	,	204.3833	,	'[Xe]4f15d16s26p1',	171	,	588.9	,	1.62	,	1.08	,	'HEX',	148	,	196	,	1051	),
  (	82	,	207.2	,	'[Xe]4f15d16s26p2',	175	,	715.2	,	1.8	,	1.56	,	'FCC',	147	,	202	,	1052	),
  (	83	,	208.98037	,	'[Xe]4f15d16s26p3',	170	,	702.9	,	2.02	,	2.13	,	'RHL',	146	,	NULL	,	1053	),
  (	84	,	208.9824	,	'[Xe]4f15d16s26p',	176	,	813.1	,	2	,	2.31	,	'SC',	146	,	NULL	,	1054	),
  (	85	,	209.9871	,	'[Xe]4f15d16s26p',	 NULL	,	916.3	,	2.2	,	NULL	,		NULL		,	145	,	NULL	,	1054	),
  (	86	,	222.0176	,	'[Xe]4f15d16s26p',	 NULL	,	1036.5	,	 NULL	,	0.38	,	'FCC',	 NULL	,	NULL	,	1054	),
  (	87	,	223.0197	,	'[Rn]7s1',	 NULL	,	375.00	,	0.7	,	0.36	,	'BCC',	 NULL	,	NULL	,	1055	),
  (	88	,	226.0254	,	'[Rn]7s2',	 NULL	,	509	,	0.9	,	0.94	,		NULL		,	 NULL	,	NULL	,	1056	),
  (	89	,	227.0278	,	'[Rn]6d17s2',	188	,	665.5	,	1.1	,	1.41	,	'FCC',	 NULL	,	NULL	,	1057	),
  (	90	,	232.0381	,	'[Rn]5f6d17s2',	180	,	670.4	,	1.3	,	2.42	,	'FCC',	165	,	NULL	,	1058	),
  (	91	,	231.03588	,	'[Rn]5f26d17s2',	161	,	 NULL	,	1.5	,	NULL	,	'TET',	 NULL	,	NULL	,	1059	),
  (	92	,	238.0289	,	'[Rn]5f36d17s2',	138	,	686.4	,	1.38	,	0.49	,	'ORC',	142	,	186	,	1060	),
  (	93	,	237.048	,	'[Rn]5f6d17s2',	130	,	 NULL	,	1.36	,	0.10	,	'ORC',	 NULL	,	NULL	,	1058	),
  (	94	,	244.0642	,	'[Rn]5f6d7s2',	151	,	491.9	,	1.28	,	NULL	,	'MCL',	 NULL	,	NULL	,	1061	),
  (	95	,	243.0614	,	'[Rn]5f6d7s2',	173	,	 NULL	,	1.3	,	NULL	,		NULL		,	 NULL	,	NULL	,	1061	),
  (	96	,	247.0703	,	'[Rn]5f6d17s2',	299	,	580.00	,	1.3	,	NULL	,		NULL		,	 NULL	,	NULL	,	1058	),
  (	97	,	247.0703	,	'[Rn]5f6d7s2',	297	,	600.00	,	1.3	,	NULL	,		NULL		,	 NULL	,	NULL	,	1061	),
  (	98	,	251.0796	,	'[Rn]5f16d7s2',	295	,	610.00	,	1.3	,	NULL	,		NULL		,	 NULL	,	NULL	,	1062	),
  (	99	,	252.083	,	'[Rn]5f116d7s2',	292	,	620.00	,	1.3	,	NULL	,		NULL		,	 NULL	,	NULL	,	1063	),
  (	100	,	257.0951	,	'[Rn]5f126d7s2',	290	,	630.00	,	1.3	,	NULL	,		NULL		,	 NULL	,	NULL	,	1064	),
  (	101	,	258.1	,	'[Rn]5f136d7s2',	287	,	635.00	,	1.3	,	NULL	,		NULL		,	 NULL	,	NULL	,	1065	),
  (	102	,	259.1009	,	'[Rn]5f16d7s2',	285	,	640.00	,	1.3	,	NULL	,		NULL		,	 NULL	,	NULL	,	1062	),
  (	103	,	262.11	,	'[Rn]5f16d17s2',	282	,	 NULL	,	 NULL	,	NULL	,		NULL		,	 NULL	,	NULL	,	1066	),
  (	104	,	261.00	,	'[Rn]5f16d27s2',	 NULL	,	 NULL	,	 NULL	,	NULL	,		NULL		,	 NULL	,	NULL	,	1067	),
  (	105	,	262.00	,	'[Rn]5f16d36s2',	 NULL	,	 NULL	,	 NULL	,	NULL	,		NULL		,	 NULL	,	NULL	,	1068	),
  (	106	,	266.00	,	'[Rn]5f16d17s2',	 NULL	,	 NULL	,	 NULL	,	NULL	,		NULL		,	 NULL	,	NULL	,	1066	),
  (	107	,	264.00	,	NULL	,	 NULL	,	 NULL	,	 NULL	,	NULL	,		NULL		,	 NULL	,	NULL	,	NULL	),
  (	108	,	269.00	,	NULL	,	 NULL	,	 NULL	,	 NULL	,	NULL	,		NULL		,	 NULL	,	NULL	,	NULL	),
  (	109	,	268.00	,	NULL	,	 NULL	,	 NULL	,	 NULL	,	NULL	,		NULL		,	 NULL	,	NULL	,	NULL	),
  (	110	,	269.00	,	NULL	,	 NULL	,	 NULL	,	 NULL	,	NULL	,		NULL		,	 NULL	,	NULL	,	NULL	),
  (	111	,	272.00	,	NULL	,	 NULL	,	 NULL	,	 NULL	,	NULL	,		NULL		,	 NULL	,	NULL	,	NULL	),
  (	112	,	277.00	,	NULL	,	 NULL	,	 NULL	,	 NULL	,	NULL	,		NULL		,	 NULL	,	NULL	,	NULL	),
  (	113	,	 NULL	,	NULL	,	 NULL	,	 NULL	,	 NULL	,	NULL	,		NULL		,	 NULL	,	NULL	,	NULL	),
  (	114	,	289.00	,	NULL	,	 NULL	,	 NULL	,	 NULL	,	NULL	,		NULL		,	 NULL	,	NULL	,	NULL	),
  (	115	,	 NULL	,	NULL	,	 NULL	,	 NULL	,	 NULL	,	NULL	,		NULL		,	 NULL	,	NULL	,	NULL	),
  (	116	,	 NULL	,	NULL	,	 NULL	,	 NULL	,	 NULL	,	NULL	,		NULL		,	 NULL	,	NULL	,	NULL	),
  (	117	,	 NULL	,	NULL	,	 NULL	,	 NULL	,	 NULL	,	NULL	,		NULL		,	 NULL	,	NULL	,	NULL	),
  (	118	,	 NULL	,	NULL	,	 NULL	,	 NULL	,	 NULL	,	NULL	,		NULL		,	 NULL	,	NULL	,	NULL	);

--**--
--create table: categories
CREATE TABLE periodic.categories (
  category TEXT ,
  category_id_PK INTEGER PRIMARY KEY ) ;
--insert data: categories
INSERT INTO periodic.categories VALUES
  (	'Alkali Metal'	,	100	),
  (	'Alkaline Earth Metal'	,	101	),
  (	'Lanthanide'	,	102	),
  (	'Actinide'	,	103	),
  (	'Transition Metal'	,	104	),
  (	'Post-Transition Metal'	,	105	),
  (	'Noble Gas'	,	106	),
  (	'Nonmetal'	,	107	),
  (	'Halogen'	,	108	),
  (	'Metalloid'	,	109	);

--**--
--create table: element_category
CREATE TABLE periodic.element_category (
  atomic_number_PK INTEGER PRIMARY KEY,
  category TEXT,
  category_id_FK INTEGER
    REFERENCES periodic.categories( category_id_PK ) );
--insert data: element_category
INSERT INTO periodic.element_category VALUES
    (	1	, 'Nonmetal' ,	107	),
    (	2	, 'Noble Gas' ,	106	),
    (	3	, 'Alkali Metal' ,	100	),
    (	4	, 'Alkaline Earth Metal' ,	101	),
    (	5	, 'Metalloid' ,	109	),
    (	6	, 'Nonmetal' ,	107	),
    (	7	, 'Nonmetal' ,	107	),
    (	8	, 'Nonmetal' ,	107	),
    (	9	, 'Halogen' ,	108	),
    (	10	, 'Noble Gas' ,	106	),
    (	11	, 'Alkali Metal' ,	100	),
    (	12	, 'Alkaline Earth Metal' ,	101	),
    (	13	, 'Post-Transition Metal' ,	105	),
    (	14	, 'Metalloid' ,	109	),
    (	15	, 'Nonmetal' ,	107	),
    (	16	, 'Nonmetal' ,	107	),
    (	17	, 'Halogen' ,	108	),
    (	18	, 'Noble Gas' ,	106	),
    (	19	, 'Alkali Metal' ,	100	),
    (	20	, 'Alkaline Earth Metal' ,	101	),
    (	21	, 'Transition Metal' ,	104	),
    (	22	, 'Transition Metal' ,	104	),
    (	23	, 'Transition Metal' ,	104	),
    (	24	, 'Transition Metal' ,	104	),
    (	25	, 'Transition Metal' ,	104	),
    (	26	, 'Transition Metal' ,	104	),
    (	27	, 'Transition Metal' ,	104	),
    (	28	, 'Transition Metal' ,	104	),
    (	29	, 'Transition Metal' ,	104	),
    (	30	, 'Transition Metal' ,	104	),
    (	31	, 'Post-Transition Metal' ,	105	),
    (	32	, 'Metalloid' ,	109	),
    (	33	, 'Metalloid' ,	109	),
    (	34	, 'Nonmetal' ,	107	),
    (	35	, 'Halogen' ,	108	),
    (	36	, 'Noble Gas' ,	106	),
    (	37	, 'Alkali Metal' ,	100	),
    (	38	, 'Alkaline Earth Metal' ,	101	),
    (	39	, 'Transition Metal' ,	104	),
    (	40	, 'Transition Metal' ,	104	),
    (	41	, 'Transition Metal' ,	104	),
    (	42	, 'Transition Metal' ,	104	),
    (	43	, 'Transition Metal' ,	104	),
    (	44	, 'Transition Metal' ,	104	),
    (	45	, 'Transition Metal' ,	104	),
    (	46	, 'Transition Metal' ,	104	),
    (	47	, 'Transition Metal' ,	104	),
    (	48	, 'Transition Metal' ,	104	),
    (	49	, 'Post-Transition Metal' ,	105	),
    (	50	, 'Post-Transition Metal' ,	105	),
    (	51	, 'Metalloid' ,	109	),
    (	52	, 'Metalloid' ,	109	),
    (	53	, 'Halogen' ,	108	),
    (	54	, 'Noble Gas' ,	106	),
    (	55	, 'Alkali Metal' ,	100	),
    (	56	, 'Alkaline Earth Metal' ,	101	),
    (	57	, 'Lanthanide' ,	102	),
    (	58	, 'Lanthanide' ,	102	),
    (	59	, 'Lanthanide' ,	102	),
    (	60	, 'Lanthanide' ,	102	),
    (	61	, 'Lanthanide' ,	102	),
    (	62	, 'Lanthanide' ,	102	),
    (	63	, 'Lanthanide' ,	102	),
    (	64	, 'Lanthanide' ,	102	),
    (	65	, 'Lanthanide' ,	102	),
    (	66	, 'Lanthanide' ,	102	),
    (	67	, 'Lanthanide' ,	102	),
    (	68	, 'Lanthanide' ,	102	),
    (	69	, 'Lanthanide' ,	102	),
    (	70	, 'Lanthanide' ,	102	),
    (	71	, 'Lanthanide' ,	102	),
    (	72	, 'Transition Metal' ,	104	),
    (	73	, 'Transition Metal' ,	104	),
    (	74	, 'Transition Metal' ,	104	),
    (	75	, 'Transition Metal' ,	104	),
    (	76	, 'Transition Metal' ,	104	),
    (	77	, 'Transition Metal' ,	104	),
    (	78	, 'Transition Metal' ,	104	),
    (	79	, 'Transition Metal' ,	104	),
    (	80	, 'Transition Metal' ,	104	),
    (	81	, 'Post-Transition Metal' ,	105	),
    (	82	, 'Post-Transition Metal' ,	105	),
    (	83	, 'Post-Transition Metal' ,	105	),
    (	84	, 'Metalloid' ,	109	),
    (	85	, 'Halogen' ,	108	),
    (	86	, 'Noble Gas' ,	106	),
    (	87	, 'Alkali Metal' ,	100	),
    (	88	, 'Alkaline Earth Metal' ,	101	),
    (	89	, 'Actinide' ,	103	),
    (	90	, 'Actinide' ,	103	),
    (	91	, 'Actinide' ,	103	),
    (	92	, 'Actinide' ,	103	),
    (	93	, 'Actinide' ,	103	),
    (	94	, 'Actinide' ,	103	),
    (	95	, 'Actinide' ,	103	),
    (	96	, 'Actinide' ,	103	),
    (	97	, 'Actinide' ,	103	),
    (	98	, 'Actinide' ,	103	),
    (	99	, 'Actinide' ,	103	),
    (	100	, 'Actinide' ,	103	),
    (	101	, 'Actinide' ,	103	),
    (	102	, 'Actinide' ,	103	),
    (	103	, 'Actinide' ,	103	),
    (	104	, 'Transition Metal' ,	104	),
    (	105	, 'Transition Metal' ,	104	),
    (	106	, 'Transition Metal' ,	104	),
    (	107	, 'Transition Metal' ,	104	),
    (	108	, 'Transition Metal' ,	104	),
    (	109	, 'Transition Metal' ,	104	),
    (	110	, 'Transition Metal' ,	104	),
    (	111	, 'Transition Metal' ,	104	),
    (	112	, 'Transition Metal' ,	104	),
    (	113	, 'Post-Transition Metal' ,	105	),
    (	114	, 'Post-Transition Metal' ,	105	),
    (	115	, 'Post-Transition Metal' ,	105	),
    (	116	, 'Post-Transition Metal' ,	105	),
    (	117	, 'Halogen' ,	108	),
    (	118	, 'Noble Gas' ,	106	);

--**--
-- create table: block
CREATE TABLE periodic.block (
  atomic_number_PK INTEGER PRIMARY KEY,
  block_id VARCHAR(2) ,
  block_name VARCHAR(1),
  category_id_FK INTEGER
    REFERENCES periodic.categories( category_id_PK ) ) ;

  -- insert data: block
--insert data:block
INSERT INTO periodic.block VALUES
  (	1	, 'S1' , 's' ,	107	),
  (	2	, 'P2' , 'p' ,	106	),
  (	3	, 'S1' , 's' ,	100	),
  (	4	, 'S1' , 's' ,	101	),
  (	5	, 'P2' , 'p' ,	109	),
  (	6	, 'P2' , 'p' ,	107	),
  (	7	, 'P2' , 'p' ,	107	),
  (	8	, 'P2' , 'p' ,	107	),
  (	9	, 'P2' , 'p' ,	108	),
  (	10	, 'P2' , 'p' ,	106	),
  (	11	, 'S1' , 's' ,	100	),
  (	12	, 'S1' , 's' ,	101	),
  (	13	, 'P2' , 'p' ,	105	),
  (	14	, 'P2' , 'p' ,	109	),
  (	15	, 'P2' , 'p' ,	107	),
  (	16	, 'P2' , 'p' ,	107	),
  (	17	, 'P2' , 'p' ,	108	),
  (	18	, 'P2' , 'p' ,	106	),
  (	19	, 'S1' , 's' ,	100	),
  (	20	, 'S1' , 's' ,	101	),
  (	21	, 'D3' , 'd' ,	104	),
  (	22	, 'D3' , 'd' ,	104	),
  (	23	, 'D3' , 'd' ,	104	),
  (	24	, 'D3' , 'd' ,	104	),
  (	25	, 'D3' , 'd' ,	104	),
  (	26	, 'D3' , 'd' ,	104	),
  (	27	, 'D3' , 'd' ,	104	),
  (	28	, 'D3' , 'd' ,	104	),
  (	29	, 'D3' , 'd' ,	104	),
  (	30	, 'D3' , 'd' ,	104	),
  (	31	, 'P2' , 'p' ,	105	),
  (	32	, 'P2' , 'p' ,	109	),
  (	33	, 'P2' , 'p' ,	109	),
  (	34	, 'P2' , 'p' ,	107	),
  (	35	, 'P2' , 'p' ,	108	),
  (	36	, 'P2' , 'p' ,	106	),
  (	37	, 'S1' , 's' ,	100	),
  (	38	, 'S1' , 's' ,	101	),
  (	39	, 'D3' , 'd' ,	104	),
  (	40	, 'D3' , 'd' ,	104	),
  (	41	, 'D3' , 'd' ,	104	),
  (	42	, 'D3' , 'd' ,	104	),
  (	43	, 'D3' , 'd' ,	104	),
  (	44	, 'D3' , 'd' ,	104	),
  (	45	, 'D3' , 'd' ,	104	),
  (	46	, 'D3' , 'd' ,	104	),
  (	47	, 'D3' , 'd' ,	104	),
  (	48	, 'D3' , 'd' ,	104	),
  (	49	, 'P2' , 'p' ,	105	),
  (	50	, 'P2' , 'p' ,	105	),
  (	51	, 'P2' , 'p' ,	109	),
  (	52	, 'P2' , 'p' ,	109	),
  (	53	, 'P2' , 'p' ,	108	),
  (	54	, 'P2' , 'p' ,	106	),
  (	55	, 'S1' , 's' ,	100	),
  (	56	, 'S1' , 's' ,	101	),
  (	57	, 'F4' , 'f' ,	102	),
  (	58	, 'F4' , 'f' ,	102	),
  (	59	, 'F4' , 'f' ,	102	),
  (	60	, 'F4' , 'f' ,	102	),
  (	61	, 'F4' , 'f' ,	102	),
  (	62	, 'F4' , 'f' ,	102	),
  (	63	, 'F4' , 'f' ,	102	),
  (	64	, 'F4' , 'f' ,	102	),
  (	65	, 'F4' , 'f' ,	102	),
  (	66	, 'F4' , 'f' ,	102	),
  (	67	, 'F4' , 'f' ,	102	),
  (	68	, 'F4' , 'f' ,	102	),
  (	69	, 'F4' , 'f' ,	102	),
  (	70	, 'F4' , 'f' ,	102	),
  (	71	, 'D3' , 'd' ,	102	),
  (	72	, 'D3' , 'd' ,	104	),
  (	73	, 'D3' , 'd' ,	104	),
  (	74	, 'D3' , 'd' ,	104	),
  (	75	, 'D3' , 'd' ,	104	),
  (	76	, 'D3' , 'd' ,	104	),
  (	77	, 'D3' , 'd' ,	104	),
  (	78	, 'D3' , 'd' ,	104	),
  (	79	, 'D3' , 'd' ,	104	),
  (	80	, 'D3' , 'd' ,	104	),
  (	81	, 'P2' , 'p' ,	105	),
  (	82	, 'P2' , 'p' ,	105	),
  (	83	, 'P2' , 'p' ,	105	),
  (	84	, 'P2' , 'p' ,	109	),
  (	85	, 'P2' , 'p' ,	108	),
  (	86	, 'P2' , 'p' ,	106	),
  (	87	, 'S1' , 's' ,	100	),
  (	88	, 'S1' , 's' ,	101	),
  (	89	, 'F4' , 'f' ,	103	),
  (	90	, 'F4' , 'f' ,	103	),
  (	91	, 'F4' , 'f' ,	103	),
  (	92	, 'F4' , 'f' ,	103	),
  (	93	, 'F4' , 'f' ,	103	),
  (	94	, 'F4' , 'f' ,	103	),
  (	95	, 'F4' , 'f' ,	103	),
  (	96	, 'F4' , 'f' ,	103	),
  (	97	, 'F4' , 'f' ,	103	),
  (	98	, 'F4' , 'f' ,	103	),
  (	99	, 'F4' , 'f' ,	103	),
  (	100	, 'F4' , 'f' ,	103	),
  (	101	, 'F4' , 'f' ,	103	),
  (	102	, 'F4' , 'f' ,	103	),
  (	103	, 'D3' , 'd' ,	103	),
  (	104	, 'D3' , 'd' ,	104	),
  (	105	, 'D3' , 'd' ,	104	),
  (	106	, 'D3' , 'd' ,	104	),
  (	107	, 'D3' , 'd' ,	104	),
  (	108	, 'D3' , 'd' ,	104	),
  (	109	, 'D3' , 'd' ,	104	),
  (	110	, 'D3' , 'd' ,	104	),
  (	111	, 'D3' , 'd' ,	104	),
  (	112	, 'D3' , 'd' ,	104	),
  (	113	, 'P2' , 'p' ,	105	),
  (	114	, 'P2' , 'p' ,	105	),
  (	115	, 'P2' , 'p' ,	105	),
  (	116	, 'P2' , 'p' ,	105	),
  (	117	, 'P2' , 'p' ,	108	),
  (	118	, 'P2' , 'p' ,	106	);
